collaborative,description,external_urls,href,id,images,name,owner,primary_color,public,snapshot_id,tracks,type,playlist_uri
False,"Your weekly mixtape of fresh music. Enjoy new discoveries and deep cuts chosen just for you. Updated every Monday, so save your favorites!",{'spotify': 'https://open.spotify.com/playlist/37i9dQZEVXcTfdHhLJ2MEd'},https://api.spotify.com/v1/playlists/37i9dQZEVXcTfdHhLJ2MEd,37i9dQZEVXcTfdHhLJ2MEd,"[{'height': None, 'url': 'https://newjams-images.scdn.co/v2/discover-weekly/OJkw74o3xtAek-yQTMkcW31EXIms_Mf7A1S4Dv6hbakFlhXCXiDuFbl9TY4_TTp5Nb8z1e3-30It3hAQxHBk36nhEBT-1ggMCsDuV3xcxeM=/MDM6MjA6MDBUMzItNDAtMA==/default', 'width': None}]",Discover Weekly,"{'display_name': 'Spotify', 'external_urls': {'spotify': 'https://open.spotify.com/user/spotify'}, 'href': 'https://api.spotify.com/v1/users/spotify', 'id': 'spotify', 'type': 'user', 'uri': 'spotify:user:spotify'}",,False,MjY0MzU1MjAsMDAwMDAwMDA4NzFjM2MxYjZiZTkxZjQ4ODY3ZWI2NDI3YTM2ODgwZA==,"{'href': 'https://api.spotify.com/v1/playlists/37i9dQZEVXcTfdHhLJ2MEd/tracks', 'total': 30}",playlist,spotify:playlist:37i9dQZEVXcTfdHhLJ2MEd
False,"Never miss a new release! Catch all the latest music from artists you follow, plus new singles picked just for you. Updates every Friday.",{'spotify': 'https://open.spotify.com/playlist/37i9dQZEVXbs1m1DKcFVhr'},https://api.spotify.com/v1/playlists/37i9dQZEVXbs1m1DKcFVhr,37i9dQZEVXbs1m1DKcFVhr,"[{'height': None, 'url': 'https://newjams-images.scdn.co/v1/img/94dd2feca73bdfb7e1c12751b499ec0a46024866/en/default', 'width': None}]",Release Radar,"{'display_name': 'Spotify', 'external_urls': {'spotify': 'https://open.spotify.com/user/spotify'}, 'href': 'https://api.spotify.com/v1/users/spotify', 'id': 'spotify', 'type': 'user', 'uri': 'spotify:user:spotify'}",,False,MjY0MzE0NDAsMDAwMDAwMDBmMzJlZjBiZWMyYWU3OTZmODkxYTA1N2VlNzk3YmI0MQ==,"{'href': 'https://api.spotify.com/v1/playlists/37i9dQZEVXbs1m1DKcFVhr/tracks', 'total': 30}",playlist,spotify:playlist:37i9dQZEVXbs1m1DKcFVhr
False,sitting on the edge of the bed staring out at the city streets with faint sirens singing in the background,{'spotify': 'https://open.spotify.com/playlist/5cVuOsEoWbZHuBW6uI8UZT'},https://api.spotify.com/v1/playlists/5cVuOsEoWbZHuBW6uI8UZT,5cVuOsEoWbZHuBW6uI8UZT,"[{'height': 640, 'url': 'https://mosaic.scdn.co/640/ab67616d0000b2730386f31452810d4501d601c1ab67616d0000b2734f8d11352194c09aab1530e6ab67616d0000b27394bd50447700c46305e369b6ab67616d0000b273a333559091297eda04eba27c', 'width': 640}, {'height': 300, 'url': 'https://mosaic.scdn.co/300/ab67616d0000b2730386f31452810d4501d601c1ab67616d0000b2734f8d11352194c09aab1530e6ab67616d0000b27394bd50447700c46305e369b6ab67616d0000b273a333559091297eda04eba27c', 'width': 300}, {'height': 60, 'url': 'https://mosaic.scdn.co/60/ab67616d0000b2730386f31452810d4501d601c1ab67616d0000b2734f8d11352194c09aab1530e6ab67616d0000b27394bd50447700c46305e369b6ab67616d0000b273a333559091297eda04eba27c', 'width': 60}]",citylightsandstarrynights,"{'display_name': '1231774562', 'external_urls': {'spotify': 'https://open.spotify.com/user/1231774562'}, 'href': 'https://api.spotify.com/v1/users/1231774562', 'id': '1231774562', 'type': 'user', 'uri': 'spotify:user:1231774562'}",,True,NzU0LDJhZDYxZGY4OWQzNGNmNjg0YTY0MmEyY2JlNGFiZDZlNWRlYzkyYjY=,"{'href': 'https://api.spotify.com/v1/playlists/5cVuOsEoWbZHuBW6uI8UZT/tracks', 'total': 676}",playlist,spotify:playlist:5cVuOsEoWbZHuBW6uI8UZT
False,"sometimes classy, maybe trashy, always nasty",{'spotify': 'https://open.spotify.com/playlist/7netTooB7GBxp0SkpX3P8Z'},https://api.spotify.com/v1/playlists/7netTooB7GBxp0SkpX3P8Z,7netTooB7GBxp0SkpX3P8Z,"[{'height': 640, 'url': 'https://mosaic.scdn.co/640/ab67616d0000b2733c661c1204b2fa506a9044c1ab67616d0000b2735aee01b02a56be383fd611e3ab67616d0000b273816e65c1faed50ef8051bbeaab67616d0000b273ef761732e9e9cf8cc43189ea', 'width': 640}, {'height': 300, 'url': 'https://mosaic.scdn.co/300/ab67616d0000b2733c661c1204b2fa506a9044c1ab67616d0000b2735aee01b02a56be383fd611e3ab67616d0000b273816e65c1faed50ef8051bbeaab67616d0000b273ef761732e9e9cf8cc43189ea', 'width': 300}, {'height': 60, 'url': 'https://mosaic.scdn.co/60/ab67616d0000b2733c661c1204b2fa506a9044c1ab67616d0000b2735aee01b02a56be383fd611e3ab67616d0000b273816e65c1faed50ef8051bbeaab67616d0000b273ef761732e9e9cf8cc43189ea', 'width': 60}]",fakedeep,"{'display_name': '1231774562', 'external_urls': {'spotify': 'https://open.spotify.com/user/1231774562'}, 'href': 'https://api.spotify.com/v1/users/1231774562', 'id': '1231774562', 'type': 'user', 'uri': 'spotify:user:1231774562'}",,True,NzkwLDQwMGZkYTZlM2Q4MjU1YTVkZjQ1NzUwMmI3MmZjYjhmNmE4M2MzZDI=,"{'href': 'https://api.spotify.com/v1/playlists/7netTooB7GBxp0SkpX3P8Z/tracks', 'total': 731}",playlist,spotify:playlist:7netTooB7GBxp0SkpX3P8Z
False,i listen to this when im driving for long stretches of time and it gets boring like to LA or something,{'spotify': 'https://open.spotify.com/playlist/73JZo5cEbVg0eQa5xKI035'},https://api.spotify.com/v1/playlists/73JZo5cEbVg0eQa5xKI035,73JZo5cEbVg0eQa5xKI035,"[{'height': 640, 'url': 'https://mosaic.scdn.co/640/ab67616d0000b2731f4fdcad7e90799987685b02ab67616d0000b27336ab282c3f3b708467ec1fc4ab67616d0000b273bec56ddd5750d7071ced90f8ab67616d0000b273efb1e4d88a5419975115d25a', 'width': 640}, {'height': 300, 'url': 'https://mosaic.scdn.co/300/ab67616d0000b2731f4fdcad7e90799987685b02ab67616d0000b27336ab282c3f3b708467ec1fc4ab67616d0000b273bec56ddd5750d7071ced90f8ab67616d0000b273efb1e4d88a5419975115d25a', 'width': 300}, {'height': 60, 'url': 'https://mosaic.scdn.co/60/ab67616d0000b2731f4fdcad7e90799987685b02ab67616d0000b27336ab282c3f3b708467ec1fc4ab67616d0000b273bec56ddd5750d7071ced90f8ab67616d0000b273efb1e4d88a5419975115d25a', 'width': 60}]",funtimes,"{'display_name': '1231774562', 'external_urls': {'spotify': 'https://open.spotify.com/user/1231774562'}, 'href': 'https://api.spotify.com/v1/users/1231774562', 'id': '1231774562', 'type': 'user', 'uri': 'spotify:user:1231774562'}",,True,MzEyLDZiYzdjMTdlMWUxNDA5OTBjNDc5MmMyNzk3YzJkYWQzMTc2M2FkMGU=,"{'href': 'https://api.spotify.com/v1/playlists/73JZo5cEbVg0eQa5xKI035/tracks', 'total': 295}",playlist,spotify:playlist:73JZo5cEbVg0eQa5xKI035
False,im just trying to get spotify to recommend me songs,{'spotify': 'https://open.spotify.com/playlist/2Ji7mFoEIGfxkmhaWc9cFF'},https://api.spotify.com/v1/playlists/2Ji7mFoEIGfxkmhaWc9cFF,2Ji7mFoEIGfxkmhaWc9cFF,"[{'height': 640, 'url': 'https://mosaic.scdn.co/640/ab67616d0000b2730e4523de19939027a80bcd2dab67616d0000b273374d64ff1cb05b2228e7424bab67616d0000b27382824bdfd9080bbce21e6e7aab67616d0000b2739a8a128c73165cc986676b3b', 'width': 640}, {'height': 300, 'url': 'https://mosaic.scdn.co/300/ab67616d0000b2730e4523de19939027a80bcd2dab67616d0000b273374d64ff1cb05b2228e7424bab67616d0000b27382824bdfd9080bbce21e6e7aab67616d0000b2739a8a128c73165cc986676b3b', 'width': 300}, {'height': 60, 'url': 'https://mosaic.scdn.co/60/ab67616d0000b2730e4523de19939027a80bcd2dab67616d0000b273374d64ff1cb05b2228e7424bab67616d0000b27382824bdfd9080bbce21e6e7aab67616d0000b2739a8a128c73165cc986676b3b', 'width': 60}]",simp,"{'display_name': '1231774562', 'external_urls': {'spotify': 'https://open.spotify.com/user/1231774562'}, 'href': 'https://api.spotify.com/v1/users/1231774562', 'id': '1231774562', 'type': 'user', 'uri': 'spotify:user:1231774562'}",,True,OSw3YTEyZGJmNDcxZDk2ZjdkZGY2ZGZlMzE4MzVjOTdkOTkyMDFiZWY2,"{'href': 'https://api.spotify.com/v1/playlists/2Ji7mFoEIGfxkmhaWc9cFF/tracks', 'total': 4}",playlist,spotify:playlist:2Ji7mFoEIGfxkmhaWc9cFF
False,"The songs you loved most this year, all wrapped up.",{'spotify': 'https://open.spotify.com/playlist/37i9dQZF1EtiJCMwK49F6X'},https://api.spotify.com/v1/playlists/37i9dQZF1EtiJCMwK49F6X,37i9dQZF1EtiJCMwK49F6X,"[{'height': None, 'url': 'https://lineup-images.scdn.co/your-top-songs-2019_DEFAULT-en.jpg', 'width': None}]",Your Top Songs 2019,"{'display_name': 'Spotify', 'external_urls': {'spotify': 'https://open.spotify.com/user/spotify'}, 'href': 'https://api.spotify.com/v1/users/spotify', 'id': 'spotify', 'type': 'user', 'uri': 'spotify:user:spotify'}",,False,MjYyNjk4MjUsMDAwMDAwMDA5NWI2ZmRhZDgyNDdiMGQ3OGU3MWQzYTQzZGM2MTQzYg==,"{'href': 'https://api.spotify.com/v1/playlists/37i9dQZF1EtiJCMwK49F6X/tracks', 'total': 100}",playlist,spotify:playlist:37i9dQZF1EtiJCMwK49F6X
False,the warm fuzzy feelings where i feel like i can conquer the world and dance around in my living room in my socks as the sun beams through the blinds ðŸ¥°ðŸ¥°ðŸ¥°,{'spotify': 'https://open.spotify.com/playlist/7HNFrB6iodzweIvONgxy6F'},https://api.spotify.com/v1/playlists/7HNFrB6iodzweIvONgxy6F,7HNFrB6iodzweIvONgxy6F,"[{'height': 640, 'url': 'https://i.scdn.co/image/ab67616d0000b2734849278ce9876ebea7353d66', 'width': 640}]",lovedðŸ¥°âœ¨,"{'display_name': '1231774562', 'external_urls': {'spotify': 'https://open.spotify.com/user/1231774562'}, 'href': 'https://api.spotify.com/v1/users/1231774562', 'id': '1231774562', 'type': 'user', 'uri': 'spotify:user:1231774562'}",,True,OSw5OTk4NjRkMGMwNDk0YjcxZGFmOTZlMmQ1NjNhMmY3N2MwZGM3MjI4,"{'href': 'https://api.spotify.com/v1/playlists/7HNFrB6iodzweIvONgxy6F/tracks', 'total': 3}",playlist,spotify:playlist:7HNFrB6iodzweIvONgxy6F
False,dancing in my living room with fuzzy socks during christmas time,{'spotify': 'https://open.spotify.com/playlist/27DMkX74F2HDXfX2oFycv3'},https://api.spotify.com/v1/playlists/27DMkX74F2HDXfX2oFycv3,27DMkX74F2HDXfX2oFycv3,"[{'height': 640, 'url': 'https://i.scdn.co/image/ab67616d0000b273f3ea7140c4a8ba597d0b276b', 'width': 640}]",hot coco,"{'display_name': '1231774562', 'external_urls': {'spotify': 'https://open.spotify.com/user/1231774562'}, 'href': 'https://api.spotify.com/v1/users/1231774562', 'id': '1231774562', 'type': 'user', 'uri': 'spotify:user:1231774562'}",,False,Myw1NGI5NGQxZThjODk3Y2MxNzU0YzVlM2RhZGY4MDZkOTc5NTM1ODY2,"{'href': 'https://api.spotify.com/v1/playlists/27DMkX74F2HDXfX2oFycv3/tracks', 'total': 1}",playlist,spotify:playlist:27DMkX74F2HDXfX2oFycv3
False,sometimes i just want to listen to songs with nice bass and drums lines and sad boys singing to me about their problems,{'spotify': 'https://open.spotify.com/playlist/0ZeutzVQ9eLSiUZnNvDimd'},https://api.spotify.com/v1/playlists/0ZeutzVQ9eLSiUZnNvDimd,0ZeutzVQ9eLSiUZnNvDimd,"[{'height': 640, 'url': 'https://mosaic.scdn.co/640/ab67616d0000b2731cce1764a83486d563410c5aab67616d0000b2735f62848633807c8a1e3914dfab67616d0000b273641659fda6c66fc62d34b7c0ab67616d0000b273813bfa3b996eb2169dd608ce', 'width': 640}, {'height': 300, 'url': 'https://mosaic.scdn.co/300/ab67616d0000b2731cce1764a83486d563410c5aab67616d0000b2735f62848633807c8a1e3914dfab67616d0000b273641659fda6c66fc62d34b7c0ab67616d0000b273813bfa3b996eb2169dd608ce', 'width': 300}, {'height': 60, 'url': 'https://mosaic.scdn.co/60/ab67616d0000b2731cce1764a83486d563410c5aab67616d0000b2735f62848633807c8a1e3914dfab67616d0000b273641659fda6c66fc62d34b7c0ab67616d0000b273813bfa3b996eb2169dd608ce', 'width': 60}]",sometimes,"{'display_name': '1231774562', 'external_urls': {'spotify': 'https://open.spotify.com/user/1231774562'}, 'href': 'https://api.spotify.com/v1/users/1231774562', 'id': '1231774562', 'type': 'user', 'uri': 'spotify:user:1231774562'}",,True,MTcsYzE3MThiY2U4MTMyNWNkZTFjNjFlNjNlZTY0YWQ5NjNiNTE3ODU0ZQ==,"{'href': 'https://api.spotify.com/v1/playlists/0ZeutzVQ9eLSiUZnNvDimd/tracks', 'total': 12}",playlist,spotify:playlist:0ZeutzVQ9eLSiUZnNvDimd
False,,{'spotify': 'https://open.spotify.com/playlist/16NFtlId5VvAXKCdmy5N2E'},https://api.spotify.com/v1/playlists/16NFtlId5VvAXKCdmy5N2E,16NFtlId5VvAXKCdmy5N2E,"[{'height': 640, 'url': 'https://mosaic.scdn.co/640/ab67616d0000b27325fb12689bbc453d22c322fcab67616d0000b273530de9a5808dcbda51660f27ab67616d0000b273e086dd341bb0c30d235f9cacab67616d0000b273eb82438892a0898390b18d7b', 'width': 640}, {'height': 300, 'url': 'https://mosaic.scdn.co/300/ab67616d0000b27325fb12689bbc453d22c322fcab67616d0000b273530de9a5808dcbda51660f27ab67616d0000b273e086dd341bb0c30d235f9cacab67616d0000b273eb82438892a0898390b18d7b', 'width': 300}, {'height': 60, 'url': 'https://mosaic.scdn.co/60/ab67616d0000b27325fb12689bbc453d22c322fcab67616d0000b273530de9a5808dcbda51660f27ab67616d0000b273e086dd341bb0c30d235f9cacab67616d0000b273eb82438892a0898390b18d7b', 'width': 60}]",PSL,"{'display_name': '1231774562', 'external_urls': {'spotify': 'https://open.spotify.com/user/1231774562'}, 'href': 'https://api.spotify.com/v1/users/1231774562', 'id': '1231774562', 'type': 'user', 'uri': 'spotify:user:1231774562'}",,False,NSxkZGNkYjJmMTk4NTM2MmYwYmM5OGM4NzU5ZDEzODNlZjM2NGM0ZDVi,"{'href': 'https://api.spotify.com/v1/playlists/16NFtlId5VvAXKCdmy5N2E/tracks', 'total': 4}",playlist,spotify:playlist:16NFtlId5VvAXKCdmy5N2E
False,,{'spotify': 'https://open.spotify.com/playlist/37i9dQZF1E8JrLwYoV6YAb'},https://api.spotify.com/v1/playlists/37i9dQZF1E8JrLwYoV6YAb,37i9dQZF1E8JrLwYoV6YAb,"[{'height': None, 'url': 'https://seeded-session-images.scdn.co/v1/img/track/7jAnVFpDIsEoVyI2An2rUp/en', 'width': None}]",Coping (Get Over) Radio,"{'display_name': 'Spotify', 'external_urls': {'spotify': 'https://open.spotify.com/user/spotify'}, 'href': 'https://api.spotify.com/v1/users/spotify', 'id': 'spotify', 'type': 'user', 'uri': 'spotify:user:spotify'}",,False,MjY0MzU5MDUsMDAwMDAwMDAzMTZiZGUxYzU3YjA5NWNjMWU4YTMxMDk5ODFmYTNiNw==,"{'href': 'https://api.spotify.com/v1/playlists/37i9dQZF1E8JrLwYoV6YAb/tracks', 'total': 50}",playlist,spotify:playlist:37i9dQZF1E8JrLwYoV6YAb
False,"imagine sitting on the beach in the presidio with the waves crashing, and the sun warming up your face",{'spotify': 'https://open.spotify.com/playlist/4xuJXvEuR9Z0zCPsxMQM3i'},https://api.spotify.com/v1/playlists/4xuJXvEuR9Z0zCPsxMQM3i,4xuJXvEuR9Z0zCPsxMQM3i,"[{'height': 640, 'url': 'https://mosaic.scdn.co/640/ab67616d0000b2730526c0ada50c06575ad009b9ab67616d0000b27317edb2e80d7686e0185b7554ab67616d0000b273a0b0042f2292f198c921d5a2ab67616d0000b273c69442acf5c297d76a3505f2', 'width': 640}, {'height': 300, 'url': 'https://mosaic.scdn.co/300/ab67616d0000b2730526c0ada50c06575ad009b9ab67616d0000b27317edb2e80d7686e0185b7554ab67616d0000b273a0b0042f2292f198c921d5a2ab67616d0000b273c69442acf5c297d76a3505f2', 'width': 300}, {'height': 60, 'url': 'https://mosaic.scdn.co/60/ab67616d0000b2730526c0ada50c06575ad009b9ab67616d0000b27317edb2e80d7686e0185b7554ab67616d0000b273a0b0042f2292f198c921d5a2ab67616d0000b273c69442acf5c297d76a3505f2', 'width': 60}]",sparkjoy,"{'display_name': '1231774562', 'external_urls': {'spotify': 'https://open.spotify.com/user/1231774562'}, 'href': 'https://api.spotify.com/v1/users/1231774562', 'id': '1231774562', 'type': 'user', 'uri': 'spotify:user:1231774562'}",,False,MzUsMzlkNGQxYzRjODQ2ZGE3MzJiMTU4OGQ2ZjYxYjNiOGUxODEyMGU3OA==,"{'href': 'https://api.spotify.com/v1/playlists/4xuJXvEuR9Z0zCPsxMQM3i/tracks', 'total': 31}",playlist,spotify:playlist:4xuJXvEuR9Z0zCPsxMQM3i
False,,{'spotify': 'https://open.spotify.com/playlist/37i9dQZF1E8GHn86kvwCd8'},https://api.spotify.com/v1/playlists/37i9dQZF1E8GHn86kvwCd8,37i9dQZF1E8GHn86kvwCd8,"[{'height': None, 'url': 'https://seeded-session-images.scdn.co/v1/img/track/4luBGXcgpFQPPAtcF4zEdv/en', 'width': None}]",Erase Radio,"{'display_name': 'Spotify', 'external_urls': {'spotify': 'https://open.spotify.com/user/spotify'}, 'href': 'https://api.spotify.com/v1/users/spotify', 'id': 'spotify', 'type': 'user', 'uri': 'spotify:user:spotify'}",,False,MjY0MzU5MDUsMDAwMDAwMDA1ZjAzMzRlOTM3ZjllZmIwNzk2ODQ0NmE0MDg3OGZkNQ==,"{'href': 'https://api.spotify.com/v1/playlists/37i9dQZF1E8GHn86kvwCd8/tracks', 'total': 50}",playlist,spotify:playlist:37i9dQZF1E8GHn86kvwCd8
False,,{'spotify': 'https://open.spotify.com/playlist/66YLmW0Ik3eDunj3Jt0vCH'},https://api.spotify.com/v1/playlists/66YLmW0Ik3eDunj3Jt0vCH,66YLmW0Ik3eDunj3Jt0vCH,"[{'height': 640, 'url': 'https://mosaic.scdn.co/640/ab67616d0000b27329aa8fc505b26e6f36c956b9ab67616d0000b2732fa664d9cb5f838d11cbd998ab67616d0000b27399a3a1c380019cdc2ba9b8c2ab67616d0000b273c5819b886453b39c55546a12', 'width': 640}, {'height': 300, 'url': 'https://mosaic.scdn.co/300/ab67616d0000b27329aa8fc505b26e6f36c956b9ab67616d0000b2732fa664d9cb5f838d11cbd998ab67616d0000b27399a3a1c380019cdc2ba9b8c2ab67616d0000b273c5819b886453b39c55546a12', 'width': 300}, {'height': 60, 'url': 'https://mosaic.scdn.co/60/ab67616d0000b27329aa8fc505b26e6f36c956b9ab67616d0000b2732fa664d9cb5f838d11cbd998ab67616d0000b27399a3a1c380019cdc2ba9b8c2ab67616d0000b273c5819b886453b39c55546a12', 'width': 60}]",365,"{'display_name': '1231774562', 'external_urls': {'spotify': 'https://open.spotify.com/user/1231774562'}, 'href': 'https://api.spotify.com/v1/users/1231774562', 'id': '1231774562', 'type': 'user', 'uri': 'spotify:user:1231774562'}",,False,MzYsNjY4ZjRjOWFiNmIwNmNjODFjMDM2MjRjZmEwMzNjNGQyMzQ4ZTEwYQ==,"{'href': 'https://api.spotify.com/v1/playlists/66YLmW0Ik3eDunj3Jt0vCH/tracks', 'total': 34}",playlist,spotify:playlist:66YLmW0Ik3eDunj3Jt0vCH
False,"The songs you loved most this year, all wrapped up.",{'spotify': 'https://open.spotify.com/playlist/37i9dQZF1EjiI6gcefMNIu'},https://api.spotify.com/v1/playlists/37i9dQZF1EjiI6gcefMNIu,37i9dQZF1EjiI6gcefMNIu,"[{'height': None, 'url': 'https://lineup-images.scdn.co/your-top-songs-2018_DEFAULT-en.jpg', 'width': None}]",Your Top Songs 2018,"{'display_name': 'Spotify', 'external_urls': {'spotify': 'https://open.spotify.com/user/spotify'}, 'href': 'https://api.spotify.com/v1/users/spotify', 'id': 'spotify', 'type': 'user', 'uri': 'spotify:user:spotify'}",,False,MjU3NjA4NTUsMDAwMDAwMDA3MGNmZTI2MzdiYjI5MjJiZjFmOTA0MTc1YTQyMmE3Yw==,"{'href': 'https://api.spotify.com/v1/playlists/37i9dQZF1EjiI6gcefMNIu/tracks', 'total': 100}",playlist,spotify:playlist:37i9dQZF1EjiI6gcefMNIu
False,sf18_ds11....this is just mostly a collection of shitty ass songs or up-beat songs that i dont listen to the lyrics of but use as background for when im working on something i need to concentrate on haha hi,{'spotify': 'https://open.spotify.com/playlist/2FQ0KwqWMCJoLvC1Rdxnkx'},https://api.spotify.com/v1/playlists/2FQ0KwqWMCJoLvC1Rdxnkx,2FQ0KwqWMCJoLvC1Rdxnkx,"[{'height': 640, 'url': 'https://mosaic.scdn.co/640/ab67616d0000b27344bb39545f5d7176080d17aeab67616d0000b273abc20d6fca3df753a2243a5fab67616d0000b273b2ae5514e4978d69fad83f52ab67616d0000b273d4fc1ce123e978d7e53d5734', 'width': 640}, {'height': 300, 'url': 'https://mosaic.scdn.co/300/ab67616d0000b27344bb39545f5d7176080d17aeab67616d0000b273abc20d6fca3df753a2243a5fab67616d0000b273b2ae5514e4978d69fad83f52ab67616d0000b273d4fc1ce123e978d7e53d5734', 'width': 300}, {'height': 60, 'url': 'https://mosaic.scdn.co/60/ab67616d0000b27344bb39545f5d7176080d17aeab67616d0000b273abc20d6fca3df753a2243a5fab67616d0000b273b2ae5514e4978d69fad83f52ab67616d0000b273d4fc1ce123e978d7e53d5734', 'width': 60}]",:sexappeal:,"{'display_name': '1231774562', 'external_urls': {'spotify': 'https://open.spotify.com/user/1231774562'}, 'href': 'https://api.spotify.com/v1/users/1231774562', 'id': '1231774562', 'type': 'user', 'uri': 'spotify:user:1231774562'}",,False,MzMsNjk0YmE4MjBjZmZlZjg3YTBiNGU0MGQ1ZGY5MTBkNzFlYTY3ZTE5MQ==,"{'href': 'https://api.spotify.com/v1/playlists/2FQ0KwqWMCJoLvC1Rdxnkx/tracks', 'total': 29}",playlist,spotify:playlist:2FQ0KwqWMCJoLvC1Rdxnkx
False,Here's a collection of songs youâ€™ll wish youâ€™d discovered earlier in the year.,{'spotify': 'https://open.spotify.com/playlist/37i9dQZF1Eact9qkt4GIgk'},https://api.spotify.com/v1/playlists/37i9dQZF1Eact9qkt4GIgk,37i9dQZF1Eact9qkt4GIgk,"[{'height': None, 'url': 'https://lineup-images.scdn.co/the-ones-that-got-away_DEFAULT-en.jpg', 'width': None}]",The Ones That Got Away,"{'display_name': 'Spotify', 'external_urls': {'spotify': 'https://open.spotify.com/user/spotify'}, 'href': 'https://api.spotify.com/v1/users/spotify', 'id': 'spotify', 'type': 'user', 'uri': 'spotify:user:spotify'}",,False,MjUxODI1NTYsMDAwMDAwMDA5MTk2MmE5ZjgwOWZlMjg5ZjljMDlhNjZmZjkwOGYxOQ==,"{'href': 'https://api.spotify.com/v1/playlists/37i9dQZF1Eact9qkt4GIgk/tracks', 'total': 30}",playlist,spotify:playlist:37i9dQZF1Eact9qkt4GIgk
False,,{'spotify': 'https://open.spotify.com/playlist/1DeVnzDyhTFk69vAyNHw4s'},https://api.spotify.com/v1/playlists/1DeVnzDyhTFk69vAyNHw4s,1DeVnzDyhTFk69vAyNHw4s,"[{'height': 640, 'url': 'https://mosaic.scdn.co/640/ab67616d0000b273a4b5be0bce29542b56c2f9cbab67616d0000b273a863c0e3893a974c2d4875cdab67616d0000b273e07b02eb43f6d8c7f5359a85ab67616d0000b273e7776dfaa114878880bbc3ff', 'width': 640}, {'height': 300, 'url': 'https://mosaic.scdn.co/300/ab67616d0000b273a4b5be0bce29542b56c2f9cbab67616d0000b273a863c0e3893a974c2d4875cdab67616d0000b273e07b02eb43f6d8c7f5359a85ab67616d0000b273e7776dfaa114878880bbc3ff', 'width': 300}, {'height': 60, 'url': 'https://mosaic.scdn.co/60/ab67616d0000b273a4b5be0bce29542b56c2f9cbab67616d0000b273a863c0e3893a974c2d4875cdab67616d0000b273e07b02eb43f6d8c7f5359a85ab67616d0000b273e7776dfaa114878880bbc3ff', 'width': 60}]",reflect,"{'display_name': '1231774562', 'external_urls': {'spotify': 'https://open.spotify.com/user/1231774562'}, 'href': 'https://api.spotify.com/v1/users/1231774562', 'id': '1231774562', 'type': 'user', 'uri': 'spotify:user:1231774562'}",,False,MTEsM2JkNDViOTM1ZTFjNmY4YTEyNWMzMTZlMTYyYTRjY2U5ZmEzNGNkNQ==,"{'href': 'https://api.spotify.com/v1/playlists/1DeVnzDyhTFk69vAyNHw4s/tracks', 'total': 9}",playlist,spotify:playlist:1DeVnzDyhTFk69vAyNHw4s
False,,{'spotify': 'https://open.spotify.com/playlist/5c69629v4IVOlrNcriIR44'},https://api.spotify.com/v1/playlists/5c69629v4IVOlrNcriIR44,5c69629v4IVOlrNcriIR44,"[{'height': 640, 'url': 'https://mosaic.scdn.co/640/ab67616d0000b273793fc2bff31a12edee238be7ab67616d0000b27384930c5f264899c8519c567dab67616d0000b273ba7b2cddbbba04ca6189e183ab67616d0000b273e14ec94af3adc4b927994619', 'width': 640}, {'height': 300, 'url': 'https://mosaic.scdn.co/300/ab67616d0000b273793fc2bff31a12edee238be7ab67616d0000b27384930c5f264899c8519c567dab67616d0000b273ba7b2cddbbba04ca6189e183ab67616d0000b273e14ec94af3adc4b927994619', 'width': 300}, {'height': 60, 'url': 'https://mosaic.scdn.co/60/ab67616d0000b273793fc2bff31a12edee238be7ab67616d0000b27384930c5f264899c8519c567dab67616d0000b273ba7b2cddbbba04ca6189e183ab67616d0000b273e14ec94af3adc4b927994619', 'width': 60}]",whiskey_neat,"{'display_name': '1231774562', 'external_urls': {'spotify': 'https://open.spotify.com/user/1231774562'}, 'href': 'https://api.spotify.com/v1/users/1231774562', 'id': '1231774562', 'type': 'user', 'uri': 'spotify:user:1231774562'}",,False,MTMxLGJlODUzYmJhZmJlNWZlZjlkZDBmYjU4MmRkZTM1YjY5ODNjM2MzMzM=,"{'href': 'https://api.spotify.com/v1/playlists/5c69629v4IVOlrNcriIR44/tracks', 'total': 122}",playlist,spotify:playlist:5c69629v4IVOlrNcriIR44
False,,{'spotify': 'https://open.spotify.com/playlist/3wkRJhVLYzl5LCc0ff3nsR'},https://api.spotify.com/v1/playlists/3wkRJhVLYzl5LCc0ff3nsR,3wkRJhVLYzl5LCc0ff3nsR,"[{'height': 640, 'url': 'https://mosaic.scdn.co/640/ab67616d0000b273317b7b16bf1389394b96e86dab67616d0000b2734ada0fbde042a083ef951fa3ab67616d0000b273d67e49e214f0c3f5f153ad2bab67616d0000b273ef761732e9e9cf8cc43189ea', 'width': 640}, {'height': 300, 'url': 'https://mosaic.scdn.co/300/ab67616d0000b273317b7b16bf1389394b96e86dab67616d0000b2734ada0fbde042a083ef951fa3ab67616d0000b273d67e49e214f0c3f5f153ad2bab67616d0000b273ef761732e9e9cf8cc43189ea', 'width': 300}, {'height': 60, 'url': 'https://mosaic.scdn.co/60/ab67616d0000b273317b7b16bf1389394b96e86dab67616d0000b2734ada0fbde042a083ef951fa3ab67616d0000b273d67e49e214f0c3f5f153ad2bab67616d0000b273ef761732e9e9cf8cc43189ea', 'width': 60}]",whitecast,"{'display_name': '1231774562', 'external_urls': {'spotify': 'https://open.spotify.com/user/1231774562'}, 'href': 'https://api.spotify.com/v1/users/1231774562', 'id': '1231774562', 'type': 'user', 'uri': 'spotify:user:1231774562'}",,False,MTQzLDYyZmZmNjJkMGUxOGE0NDE2M2M0MjM4NjM3YWY2YmY4OTRlZDFhZjg=,"{'href': 'https://api.spotify.com/v1/playlists/3wkRJhVLYzl5LCc0ff3nsR/tracks', 'total': 129}",playlist,spotify:playlist:3wkRJhVLYzl5LCc0ff3nsR
False,,{'spotify': 'https://open.spotify.com/playlist/51yWYzcvfZx9n6O8WJYT9w'},https://api.spotify.com/v1/playlists/51yWYzcvfZx9n6O8WJYT9w,51yWYzcvfZx9n6O8WJYT9w,"[{'height': 640, 'url': 'https://mosaic.scdn.co/640/ab67616d0000b27339bc0a10e85cf7dd7a55063aab67616d0000b2733e02635a78b55cf320966746ab67616d0000b2737bc2fb06800418145a17790eab67616d0000b273ce9101d157cb1c0f33898ead', 'width': 640}, {'height': 300, 'url': 'https://mosaic.scdn.co/300/ab67616d0000b27339bc0a10e85cf7dd7a55063aab67616d0000b2733e02635a78b55cf320966746ab67616d0000b2737bc2fb06800418145a17790eab67616d0000b273ce9101d157cb1c0f33898ead', 'width': 300}, {'height': 60, 'url': 'https://mosaic.scdn.co/60/ab67616d0000b27339bc0a10e85cf7dd7a55063aab67616d0000b2733e02635a78b55cf320966746ab67616d0000b2737bc2fb06800418145a17790eab67616d0000b273ce9101d157cb1c0f33898ead', 'width': 60}]",mystique,"{'display_name': '1231774562', 'external_urls': {'spotify': 'https://open.spotify.com/user/1231774562'}, 'href': 'https://api.spotify.com/v1/users/1231774562', 'id': '1231774562', 'type': 'user', 'uri': 'spotify:user:1231774562'}",,False,MTQsMzQwNWY2ZDVmZGI4MmI0ZTFiM2E2NmFkMWEyZmEyMzk5ODlkMTgyYw==,"{'href': 'https://api.spotify.com/v1/playlists/51yWYzcvfZx9n6O8WJYT9w/tracks', 'total': 12}",playlist,spotify:playlist:51yWYzcvfZx9n6O8WJYT9w
False,,{'spotify': 'https://open.spotify.com/playlist/6coCkb6IL5uw3G1MpKvUsf'},https://api.spotify.com/v1/playlists/6coCkb6IL5uw3G1MpKvUsf,6coCkb6IL5uw3G1MpKvUsf,"[{'height': 640, 'url': 'https://mosaic.scdn.co/640/ab67616d0000b2731031fe2b42af3cec8bc7e238ab67616d0000b27311555ed45c4377e101d7979dab67616d0000b2734849278ce9876ebea7353d66ab67616d0000b273ea6019a29888aaba30f440db', 'width': 640}, {'height': 300, 'url': 'https://mosaic.scdn.co/300/ab67616d0000b2731031fe2b42af3cec8bc7e238ab67616d0000b27311555ed45c4377e101d7979dab67616d0000b2734849278ce9876ebea7353d66ab67616d0000b273ea6019a29888aaba30f440db', 'width': 300}, {'height': 60, 'url': 'https://mosaic.scdn.co/60/ab67616d0000b2731031fe2b42af3cec8bc7e238ab67616d0000b27311555ed45c4377e101d7979dab67616d0000b2734849278ce9876ebea7353d66ab67616d0000b273ea6019a29888aaba30f440db', 'width': 60}]",greyscale,"{'display_name': '1231774562', 'external_urls': {'spotify': 'https://open.spotify.com/user/1231774562'}, 'href': 'https://api.spotify.com/v1/users/1231774562', 'id': '1231774562', 'type': 'user', 'uri': 'spotify:user:1231774562'}",,False,MjAsOTE4NTUyYWQ4NjhlYzM5NjljYTViYzA3YmQ0YzJjMzhiOGU5OGE1Mg==,"{'href': 'https://api.spotify.com/v1/playlists/6coCkb6IL5uw3G1MpKvUsf/tracks', 'total': 16}",playlist,spotify:playlist:6coCkb6IL5uw3G1MpKvUsf
False,,{'spotify': 'https://open.spotify.com/playlist/3GCehrEaiLAAvFpgGIxzqz'},https://api.spotify.com/v1/playlists/3GCehrEaiLAAvFpgGIxzqz,3GCehrEaiLAAvFpgGIxzqz,"[{'height': 640, 'url': 'https://mosaic.scdn.co/640/ab67616d0000b273793157c8f3d63d24db22c67eab67616d0000b27384930c5f264899c8519c567dab67616d0000b273d92afcf66072c83e4b28c6bbab67616d0000b273e1b41f261acaa01849b42991', 'width': 640}, {'height': 300, 'url': 'https://mosaic.scdn.co/300/ab67616d0000b273793157c8f3d63d24db22c67eab67616d0000b27384930c5f264899c8519c567dab67616d0000b273d92afcf66072c83e4b28c6bbab67616d0000b273e1b41f261acaa01849b42991', 'width': 300}, {'height': 60, 'url': 'https://mosaic.scdn.co/60/ab67616d0000b273793157c8f3d63d24db22c67eab67616d0000b27384930c5f264899c8519c567dab67616d0000b273d92afcf66072c83e4b28c6bbab67616d0000b273e1b41f261acaa01849b42991', 'width': 60}]",Commercials of white people ,"{'display_name': '1231774562', 'external_urls': {'spotify': 'https://open.spotify.com/user/1231774562'}, 'href': 'https://api.spotify.com/v1/users/1231774562', 'id': '1231774562', 'type': 'user', 'uri': 'spotify:user:1231774562'}",,False,MjIsNzA0MDEwZGJjMDAxYzliMmUzMDkxZWIyMDM5NmU2YmMzZWVjMjk3NQ==,"{'href': 'https://api.spotify.com/v1/playlists/3GCehrEaiLAAvFpgGIxzqz/tracks', 'total': 20}",playlist,spotify:playlist:3GCehrEaiLAAvFpgGIxzqz
False,,{'spotify': 'https://open.spotify.com/playlist/7FunSwMS3tl4BLiUplBwYd'},https://api.spotify.com/v1/playlists/7FunSwMS3tl4BLiUplBwYd,7FunSwMS3tl4BLiUplBwYd,"[{'height': 640, 'url': 'https://mosaic.scdn.co/640/ab67616d0000b27329cd835f44f8b868a2e96f1fab67616d0000b2734fe1f881cb1a6265ab67115aab67616d0000b27383e2fb0089b24f193246942fab67616d0000b273f2d671c22b70e01b78a618a8', 'width': 640}, {'height': 300, 'url': 'https://mosaic.scdn.co/300/ab67616d0000b27329cd835f44f8b868a2e96f1fab67616d0000b2734fe1f881cb1a6265ab67115aab67616d0000b27383e2fb0089b24f193246942fab67616d0000b273f2d671c22b70e01b78a618a8', 'width': 300}, {'height': 60, 'url': 'https://mosaic.scdn.co/60/ab67616d0000b27329cd835f44f8b868a2e96f1fab67616d0000b2734fe1f881cb1a6265ab67115aab67616d0000b27383e2fb0089b24f193246942fab67616d0000b273f2d671c22b70e01b78a618a8', 'width': 60}]",sundaze,"{'display_name': '1231774562', 'external_urls': {'spotify': 'https://open.spotify.com/user/1231774562'}, 'href': 'https://api.spotify.com/v1/users/1231774562', 'id': '1231774562', 'type': 'user', 'uri': 'spotify:user:1231774562'}",,False,NTQsYTc5MWEzMWQ5OGQwZmIyNzI5NjE4MDI0NGRkNjI1OTUxYTE1ZGM1ZA==,"{'href': 'https://api.spotify.com/v1/playlists/7FunSwMS3tl4BLiUplBwYd/tracks', 'total': 45}",playlist,spotify:playlist:7FunSwMS3tl4BLiUplBwYd
False,,{'spotify': 'https://open.spotify.com/playlist/1Jjzuwoprk0zQKY2Y8KNJd'},https://api.spotify.com/v1/playlists/1Jjzuwoprk0zQKY2Y8KNJd,1Jjzuwoprk0zQKY2Y8KNJd,"[{'height': 640, 'url': 'https://mosaic.scdn.co/640/ab67616d0000b27334fd9eb8cd48e518598aec55ab67616d0000b2738cc44129c3b11adec74058d6ab67616d0000b273a9d52f79f9f180719785d7d8ab67616d0000b273ec4f8c81eb9ddee00e01798d', 'width': 640}, {'height': 300, 'url': 'https://mosaic.scdn.co/300/ab67616d0000b27334fd9eb8cd48e518598aec55ab67616d0000b2738cc44129c3b11adec74058d6ab67616d0000b273a9d52f79f9f180719785d7d8ab67616d0000b273ec4f8c81eb9ddee00e01798d', 'width': 300}, {'height': 60, 'url': 'https://mosaic.scdn.co/60/ab67616d0000b27334fd9eb8cd48e518598aec55ab67616d0000b2738cc44129c3b11adec74058d6ab67616d0000b273a9d52f79f9f180719785d7d8ab67616d0000b273ec4f8c81eb9ddee00e01798d', 'width': 60}]",throwbacks,"{'display_name': '1231774562', 'external_urls': {'spotify': 'https://open.spotify.com/user/1231774562'}, 'href': 'https://api.spotify.com/v1/users/1231774562', 'id': '1231774562', 'type': 'user', 'uri': 'spotify:user:1231774562'}",,False,MzEsYjI0YWY4OTdlMWFhY2IxOWNlYjIwYjk0ZWQ3MjY1MDUxY2ViMTZmOA==,"{'href': 'https://api.spotify.com/v1/playlists/1Jjzuwoprk0zQKY2Y8KNJd/tracks', 'total': 25}",playlist,spotify:playlist:1Jjzuwoprk0zQKY2Y8KNJd
False,,{'spotify': 'https://open.spotify.com/playlist/6FjDPDzQiFqzNnTQJv7LaX'},https://api.spotify.com/v1/playlists/6FjDPDzQiFqzNnTQJv7LaX,6FjDPDzQiFqzNnTQJv7LaX,"[{'height': 640, 'url': 'https://mosaic.scdn.co/640/ab67616d0000b27305b7b931958991e79a0d6daeab67616d0000b2733b4edc65eee06f037fb2415eab67616d0000b273655d687e9ee52cd338c2144fab67616d0000b273833db07819276f88acc79752', 'width': 640}, {'height': 300, 'url': 'https://mosaic.scdn.co/300/ab67616d0000b27305b7b931958991e79a0d6daeab67616d0000b2733b4edc65eee06f037fb2415eab67616d0000b273655d687e9ee52cd338c2144fab67616d0000b273833db07819276f88acc79752', 'width': 300}, {'height': 60, 'url': 'https://mosaic.scdn.co/60/ab67616d0000b27305b7b931958991e79a0d6daeab67616d0000b2733b4edc65eee06f037fb2415eab67616d0000b273655d687e9ee52cd338c2144fab67616d0000b273833db07819276f88acc79752', 'width': 60}]",rnbeezy,"{'display_name': '1231774562', 'external_urls': {'spotify': 'https://open.spotify.com/user/1231774562'}, 'href': 'https://api.spotify.com/v1/users/1231774562', 'id': '1231774562', 'type': 'user', 'uri': 'spotify:user:1231774562'}",,False,MjgsZjU3Y2NkYzFiNTg0MDY0YzMwNGY5OGRiNDRkNDY3YTIzNDIzMmJkNQ==,"{'href': 'https://api.spotify.com/v1/playlists/6FjDPDzQiFqzNnTQJv7LaX/tracks', 'total': 25}",playlist,spotify:playlist:6FjDPDzQiFqzNnTQJv7LaX
False,created in 2017 when i dreamed about moving to seattle and would stare out my kitchen window in my apartment wondering what life had in store for me,{'spotify': 'https://open.spotify.com/playlist/0yLQMBapxcN27iqXsEWple'},https://api.spotify.com/v1/playlists/0yLQMBapxcN27iqXsEWple,0yLQMBapxcN27iqXsEWple,"[{'height': 640, 'url': 'https://mosaic.scdn.co/640/ab67616d0000b2730b26f5a4cc7fca5a706d30adab67616d0000b27372ed30080466f2ce88ba2602ab67616d0000b2739ab89f5e9eef119a95a26ff9ab67616d0000b273a0e41820345a3bcbb487351c', 'width': 640}, {'height': 300, 'url': 'https://mosaic.scdn.co/300/ab67616d0000b2730b26f5a4cc7fca5a706d30adab67616d0000b27372ed30080466f2ce88ba2602ab67616d0000b2739ab89f5e9eef119a95a26ff9ab67616d0000b273a0e41820345a3bcbb487351c', 'width': 300}, {'height': 60, 'url': 'https://mosaic.scdn.co/60/ab67616d0000b2730b26f5a4cc7fca5a706d30adab67616d0000b27372ed30080466f2ce88ba2602ab67616d0000b2739ab89f5e9eef119a95a26ff9ab67616d0000b273a0e41820345a3bcbb487351c', 'width': 60}]",sunsets&stringlights,"{'display_name': '1231774562', 'external_urls': {'spotify': 'https://open.spotify.com/user/1231774562'}, 'href': 'https://api.spotify.com/v1/users/1231774562', 'id': '1231774562', 'type': 'user', 'uri': 'spotify:user:1231774562'}",,False,MjY1LDE1ZGVlNTBkMGYxYWMxN2EzMWUxNWQ3MDRmYTZjMDg5NDQ4NGNiNDI=,"{'href': 'https://api.spotify.com/v1/playlists/0yLQMBapxcN27iqXsEWple/tracks', 'total': 257}",playlist,spotify:playlist:0yLQMBapxcN27iqXsEWple
False,,{'spotify': 'https://open.spotify.com/playlist/0EwnZgSgJEdxjpusM1AmZV'},https://api.spotify.com/v1/playlists/0EwnZgSgJEdxjpusM1AmZV,0EwnZgSgJEdxjpusM1AmZV,"[{'height': 640, 'url': 'https://mosaic.scdn.co/640/ab67616d0000b27368848d2f4e96d7b30188ed91ab67616d0000b273722809c9135988c5657b0fa1ab67616d0000b273d1fb5cb26d540ea0c8f46c55ab67616d0000b273f63247d2325902baea205519', 'width': 640}, {'height': 300, 'url': 'https://mosaic.scdn.co/300/ab67616d0000b27368848d2f4e96d7b30188ed91ab67616d0000b273722809c9135988c5657b0fa1ab67616d0000b273d1fb5cb26d540ea0c8f46c55ab67616d0000b273f63247d2325902baea205519', 'width': 300}, {'height': 60, 'url': 'https://mosaic.scdn.co/60/ab67616d0000b27368848d2f4e96d7b30188ed91ab67616d0000b273722809c9135988c5657b0fa1ab67616d0000b273d1fb5cb26d540ea0c8f46c55ab67616d0000b273f63247d2325902baea205519', 'width': 60}]",~flow~,"{'display_name': '1231774562', 'external_urls': {'spotify': 'https://open.spotify.com/user/1231774562'}, 'href': 'https://api.spotify.com/v1/users/1231774562', 'id': '1231774562', 'type': 'user', 'uri': 'spotify:user:1231774562'}",,False,NjksMDUxMWY4YjY5OTJjNDNlM2JhZDk3ZmQ5OThkMTgwZWMwMTJhNjJmYQ==,"{'href': 'https://api.spotify.com/v1/playlists/0EwnZgSgJEdxjpusM1AmZV/tracks', 'total': 58}",playlist,spotify:playlist:0EwnZgSgJEdxjpusM1AmZV
False,,{'spotify': 'https://open.spotify.com/playlist/2o892XHJ4rGoNvq8yfAzNd'},https://api.spotify.com/v1/playlists/2o892XHJ4rGoNvq8yfAzNd,2o892XHJ4rGoNvq8yfAzNd,"[{'height': 640, 'url': 'https://mosaic.scdn.co/640/ab67616d0000b273617c314e94693fad9a26f798ab67616d0000b2739865e5fe5d0691d600678542ab67616d0000b273a117ac19ee51aebdf05fe88cab67616d0000b273b08b996d08001270adc8b555', 'width': 640}, {'height': 300, 'url': 'https://mosaic.scdn.co/300/ab67616d0000b273617c314e94693fad9a26f798ab67616d0000b2739865e5fe5d0691d600678542ab67616d0000b273a117ac19ee51aebdf05fe88cab67616d0000b273b08b996d08001270adc8b555', 'width': 300}, {'height': 60, 'url': 'https://mosaic.scdn.co/60/ab67616d0000b273617c314e94693fad9a26f798ab67616d0000b2739865e5fe5d0691d600678542ab67616d0000b273a117ac19ee51aebdf05fe88cab67616d0000b273b08b996d08001270adc8b555', 'width': 60}]",oldskool,"{'display_name': '1231774562', 'external_urls': {'spotify': 'https://open.spotify.com/user/1231774562'}, 'href': 'https://api.spotify.com/v1/users/1231774562', 'id': '1231774562', 'type': 'user', 'uri': 'spotify:user:1231774562'}",,False,MTAsODYwMWQzN2VkYmE0N2EwMGY2MzBjYmM2MmYzY2M5ZGNlMDZiZjY0ZA==,"{'href': 'https://api.spotify.com/v1/playlists/2o892XHJ4rGoNvq8yfAzNd/tracks', 'total': 8}",playlist,spotify:playlist:2o892XHJ4rGoNvq8yfAzNd
False,,{'spotify': 'https://open.spotify.com/playlist/0xxaZcvzpCJYwvA0niYV2a'},https://api.spotify.com/v1/playlists/0xxaZcvzpCJYwvA0niYV2a,0xxaZcvzpCJYwvA0niYV2a,"[{'height': 640, 'url': 'https://mosaic.scdn.co/640/ab67616d0000b2734ec6491105bb2a58a173c513ab67616d0000b27350da1049db06a81cdb58e4beab67616d0000b2738d2cfad007b9431f48aef135ab67616d0000b273d7400f8de561e90be97e4647', 'width': 640}, {'height': 300, 'url': 'https://mosaic.scdn.co/300/ab67616d0000b2734ec6491105bb2a58a173c513ab67616d0000b27350da1049db06a81cdb58e4beab67616d0000b2738d2cfad007b9431f48aef135ab67616d0000b273d7400f8de561e90be97e4647', 'width': 300}, {'height': 60, 'url': 'https://mosaic.scdn.co/60/ab67616d0000b2734ec6491105bb2a58a173c513ab67616d0000b27350da1049db06a81cdb58e4beab67616d0000b2738d2cfad007b9431f48aef135ab67616d0000b273d7400f8de561e90be97e4647', 'width': 60}]",run,"{'display_name': '1231774562', 'external_urls': {'spotify': 'https://open.spotify.com/user/1231774562'}, 'href': 'https://api.spotify.com/v1/users/1231774562', 'id': '1231774562', 'type': 'user', 'uri': 'spotify:user:1231774562'}",,False,MTE4LGM0MzcxYzFjN2M1OTAwMzk5OGVjNDM5Nzc3OWFlZjk2NWU5YjllZDM=,"{'href': 'https://api.spotify.com/v1/playlists/0xxaZcvzpCJYwvA0niYV2a/tracks', 'total': 110}",playlist,spotify:playlist:0xxaZcvzpCJYwvA0niYV2a
False,,{'spotify': 'https://open.spotify.com/playlist/0QwoDoAEjKKG6I5UH06C72'},https://api.spotify.com/v1/playlists/0QwoDoAEjKKG6I5UH06C72,0QwoDoAEjKKG6I5UH06C72,"[{'height': 640, 'url': 'https://mosaic.scdn.co/640/ab67616d0000b27311b21e8b868800918d21bb77ab67616d0000b27354ef13c30a024a7f1ba79efdab67616d0000b273c7ea04a9b455e3f68ef82550ab67616d0000b273f51c4d8ba6242eab22a2703a', 'width': 640}, {'height': 300, 'url': 'https://mosaic.scdn.co/300/ab67616d0000b27311b21e8b868800918d21bb77ab67616d0000b27354ef13c30a024a7f1ba79efdab67616d0000b273c7ea04a9b455e3f68ef82550ab67616d0000b273f51c4d8ba6242eab22a2703a', 'width': 300}, {'height': 60, 'url': 'https://mosaic.scdn.co/60/ab67616d0000b27311b21e8b868800918d21bb77ab67616d0000b27354ef13c30a024a7f1ba79efdab67616d0000b273c7ea04a9b455e3f68ef82550ab67616d0000b273f51c4d8ba6242eab22a2703a', 'width': 60}]",slow,"{'display_name': '1231774562', 'external_urls': {'spotify': 'https://open.spotify.com/user/1231774562'}, 'href': 'https://api.spotify.com/v1/users/1231774562', 'id': '1231774562', 'type': 'user', 'uri': 'spotify:user:1231774562'}",,False,MTIsZTNiZDBjZWE1Yjg4NTVmMzRhNDgzMTQwNTc5NDUwNTEzNDA5NGM5Mw==,"{'href': 'https://api.spotify.com/v1/playlists/0QwoDoAEjKKG6I5UH06C72/tracks', 'total': 10}",playlist,spotify:playlist:0QwoDoAEjKKG6I5UH06C72
False,,{'spotify': 'https://open.spotify.com/playlist/2lTtU44kohWexDPtUrP4jv'},https://api.spotify.com/v1/playlists/2lTtU44kohWexDPtUrP4jv,2lTtU44kohWexDPtUrP4jv,"[{'height': 640, 'url': 'https://mosaic.scdn.co/640/ab67616d0000b273267eaec29e1f6ca059375f85ab67616d0000b273292832d5129259be849e0e11ab67616d0000b2735be34bb3ba2681b313c8c56eab67616d0000b273cd55784d77984823f305bd9f', 'width': 640}, {'height': 300, 'url': 'https://mosaic.scdn.co/300/ab67616d0000b273267eaec29e1f6ca059375f85ab67616d0000b273292832d5129259be849e0e11ab67616d0000b2735be34bb3ba2681b313c8c56eab67616d0000b273cd55784d77984823f305bd9f', 'width': 300}, {'height': 60, 'url': 'https://mosaic.scdn.co/60/ab67616d0000b273267eaec29e1f6ca059375f85ab67616d0000b273292832d5129259be849e0e11ab67616d0000b2735be34bb3ba2681b313c8c56eab67616d0000b273cd55784d77984823f305bd9f', 'width': 60}]",015,"{'display_name': '1231774562', 'external_urls': {'spotify': 'https://open.spotify.com/user/1231774562'}, 'href': 'https://api.spotify.com/v1/users/1231774562', 'id': '1231774562', 'type': 'user', 'uri': 'spotify:user:1231774562'}",,False,MzIsMGI5MzljMDUwYWE4Zjg2ZjIyZjJkZDEwNjNmNDljZTAzYzNiYmQ5ZA==,"{'href': 'https://api.spotify.com/v1/playlists/2lTtU44kohWexDPtUrP4jv/tracks', 'total': 26}",playlist,spotify:playlist:2lTtU44kohWexDPtUrP4jv
False,,{'spotify': 'https://open.spotify.com/playlist/0CmKr59YffO1jsPZXgy12J'},https://api.spotify.com/v1/playlists/0CmKr59YffO1jsPZXgy12J,0CmKr59YffO1jsPZXgy12J,"[{'height': 640, 'url': 'https://mosaic.scdn.co/640/ab67616d0000b2736a3c1e51a7d2a2a7fbe172a1ab67616d0000b273881fb62d913fe712fc2e1c95ab67616d0000b2739e629ab47547cb377dc69e92ab67616d0000b273e86422731c4379b0a28ab2c5', 'width': 640}, {'height': 300, 'url': 'https://mosaic.scdn.co/300/ab67616d0000b2736a3c1e51a7d2a2a7fbe172a1ab67616d0000b273881fb62d913fe712fc2e1c95ab67616d0000b2739e629ab47547cb377dc69e92ab67616d0000b273e86422731c4379b0a28ab2c5', 'width': 300}, {'height': 60, 'url': 'https://mosaic.scdn.co/60/ab67616d0000b2736a3c1e51a7d2a2a7fbe172a1ab67616d0000b273881fb62d913fe712fc2e1c95ab67616d0000b2739e629ab47547cb377dc69e92ab67616d0000b273e86422731c4379b0a28ab2c5', 'width': 60}]",oak,"{'display_name': '1231774562', 'external_urls': {'spotify': 'https://open.spotify.com/user/1231774562'}, 'href': 'https://api.spotify.com/v1/users/1231774562', 'id': '1231774562', 'type': 'user', 'uri': 'spotify:user:1231774562'}",,False,MTIsYzFjOGNkNTdjNWMwMjEyY2RjNjdkMDkxMGQwNzI1YTM2MWJmNTUyOQ==,"{'href': 'https://api.spotify.com/v1/playlists/0CmKr59YffO1jsPZXgy12J/tracks', 'total': 8}",playlist,spotify:playlist:0CmKr59YffO1jsPZXgy12J
False,,{'spotify': 'https://open.spotify.com/playlist/2mPQ4lGb5D9mnwlMPw44eD'},https://api.spotify.com/v1/playlists/2mPQ4lGb5D9mnwlMPw44eD,2mPQ4lGb5D9mnwlMPw44eD,"[{'height': 640, 'url': 'https://mosaic.scdn.co/640/ab67616d0000b2734fdcbd01728c244a643c0db4ab67616d0000b2735bed713e0774ad8bf8d0fbabab67616d0000b273782336c6c9f8350202c64be3ab67616d0000b273e2accda06ebadfe3014c161b', 'width': 640}, {'height': 300, 'url': 'https://mosaic.scdn.co/300/ab67616d0000b2734fdcbd01728c244a643c0db4ab67616d0000b2735bed713e0774ad8bf8d0fbabab67616d0000b273782336c6c9f8350202c64be3ab67616d0000b273e2accda06ebadfe3014c161b', 'width': 300}, {'height': 60, 'url': 'https://mosaic.scdn.co/60/ab67616d0000b2734fdcbd01728c244a643c0db4ab67616d0000b2735bed713e0774ad8bf8d0fbabab67616d0000b273782336c6c9f8350202c64be3ab67616d0000b273e2accda06ebadfe3014c161b', 'width': 60}]",gainz,"{'display_name': '1231774562', 'external_urls': {'spotify': 'https://open.spotify.com/user/1231774562'}, 'href': 'https://api.spotify.com/v1/users/1231774562', 'id': '1231774562', 'type': 'user', 'uri': 'spotify:user:1231774562'}",,False,MTA3LDU1NDJmOTdjNjFlNTYwOTRhNDI4NTYxM2IzYzcwMGUxZWJiNTM4ZWM=,"{'href': 'https://api.spotify.com/v1/playlists/2mPQ4lGb5D9mnwlMPw44eD/tracks', 'total': 83}",playlist,spotify:playlist:2mPQ4lGb5D9mnwlMPw44eD
False,,{'spotify': 'https://open.spotify.com/playlist/2pUSxt7ncTtaEWXniCsatT'},https://api.spotify.com/v1/playlists/2pUSxt7ncTtaEWXniCsatT,2pUSxt7ncTtaEWXniCsatT,"[{'height': 640, 'url': 'https://mosaic.scdn.co/640/ab67616d0000b273b62bb08bc41faa385fae2c6bab67616d0000b273da5c59661c054490409302eeab67616d0000b273e3ece277a4777d53cc8a6046ab67616d0000b273ea1ed6630ef07a13ea0985c3', 'width': 640}, {'height': 300, 'url': 'https://mosaic.scdn.co/300/ab67616d0000b273b62bb08bc41faa385fae2c6bab67616d0000b273da5c59661c054490409302eeab67616d0000b273e3ece277a4777d53cc8a6046ab67616d0000b273ea1ed6630ef07a13ea0985c3', 'width': 300}, {'height': 60, 'url': 'https://mosaic.scdn.co/60/ab67616d0000b273b62bb08bc41faa385fae2c6bab67616d0000b273da5c59661c054490409302eeab67616d0000b273e3ece277a4777d53cc8a6046ab67616d0000b273ea1ed6630ef07a13ea0985c3', 'width': 60}]",feelsies,"{'display_name': '1231774562', 'external_urls': {'spotify': 'https://open.spotify.com/user/1231774562'}, 'href': 'https://api.spotify.com/v1/users/1231774562', 'id': '1231774562', 'type': 'user', 'uri': 'spotify:user:1231774562'}",,False,MTAsNGU5MWVhOTZhZTU5NWEyY2U0MTI5ZjczMTI3NGQ4ZjdjZGM3MDJkYg==,"{'href': 'https://api.spotify.com/v1/playlists/2pUSxt7ncTtaEWXniCsatT/tracks', 'total': 6}",playlist,spotify:playlist:2pUSxt7ncTtaEWXniCsatT
False,,{'spotify': 'https://open.spotify.com/playlist/3aFPALNur6SLIIZI52T7CO'},https://api.spotify.com/v1/playlists/3aFPALNur6SLIIZI52T7CO,3aFPALNur6SLIIZI52T7CO,"[{'height': 640, 'url': 'https://mosaic.scdn.co/640/ab67616d0000b27352fc96e95e7554f57bf5878dab67616d0000b273706e579aec870103af4e4cccab67616d0000b2738c9a6f6cf87922a07b76cd49ab67616d0000b273962f916c575bff47f3d70450', 'width': 640}, {'height': 300, 'url': 'https://mosaic.scdn.co/300/ab67616d0000b27352fc96e95e7554f57bf5878dab67616d0000b273706e579aec870103af4e4cccab67616d0000b2738c9a6f6cf87922a07b76cd49ab67616d0000b273962f916c575bff47f3d70450', 'width': 300}, {'height': 60, 'url': 'https://mosaic.scdn.co/60/ab67616d0000b27352fc96e95e7554f57bf5878dab67616d0000b273706e579aec870103af4e4cccab67616d0000b2738c9a6f6cf87922a07b76cd49ab67616d0000b273962f916c575bff47f3d70450', 'width': 60}]",Chill,"{'display_name': '1231774562', 'external_urls': {'spotify': 'https://open.spotify.com/user/1231774562'}, 'href': 'https://api.spotify.com/v1/users/1231774562', 'id': '1231774562', 'type': 'user', 'uri': 'spotify:user:1231774562'}",,False,NDcsNWRjYTU0OWQzYmFhYmNmZWNkOGNkMjVjZDU0MGZmNTJlMzA2YzM1MA==,"{'href': 'https://api.spotify.com/v1/playlists/3aFPALNur6SLIIZI52T7CO/tracks', 'total': 39}",playlist,spotify:playlist:3aFPALNur6SLIIZI52T7CO
False,,{'spotify': 'https://open.spotify.com/playlist/6jyyDPntZbGxBHQUZP28lC'},https://api.spotify.com/v1/playlists/6jyyDPntZbGxBHQUZP28lC,6jyyDPntZbGxBHQUZP28lC,"[{'height': 640, 'url': 'https://mosaic.scdn.co/640/ab67616d0000b27312498a55b2c82101628e72bcab67616d0000b2731bbd87199cc532801e557ec5ab67616d0000b2735332ab21e374be2e18a58acbab67616d0000b273f4acd4e5ef5a5e2772783400', 'width': 640}, {'height': 300, 'url': 'https://mosaic.scdn.co/300/ab67616d0000b27312498a55b2c82101628e72bcab67616d0000b2731bbd87199cc532801e557ec5ab67616d0000b2735332ab21e374be2e18a58acbab67616d0000b273f4acd4e5ef5a5e2772783400', 'width': 300}, {'height': 60, 'url': 'https://mosaic.scdn.co/60/ab67616d0000b27312498a55b2c82101628e72bcab67616d0000b2731bbd87199cc532801e557ec5ab67616d0000b2735332ab21e374be2e18a58acbab67616d0000b273f4acd4e5ef5a5e2772783400', 'width': 60}]",rain&tears,"{'display_name': '1231774562', 'external_urls': {'spotify': 'https://open.spotify.com/user/1231774562'}, 'href': 'https://api.spotify.com/v1/users/1231774562', 'id': '1231774562', 'type': 'user', 'uri': 'spotify:user:1231774562'}",,False,NjEsYzRhYWYzZGYwYzhiOTM0MGZiOGY4OWMzZmQ0ZmY4ZDAzZmViZDNmNA==,"{'href': 'https://api.spotify.com/v1/playlists/6jyyDPntZbGxBHQUZP28lC/tracks', 'total': 49}",playlist,spotify:playlist:6jyyDPntZbGxBHQUZP28lC
False,,{'spotify': 'https://open.spotify.com/playlist/5EynoFoKCOx3PHtvDsQtLZ'},https://api.spotify.com/v1/playlists/5EynoFoKCOx3PHtvDsQtLZ,5EynoFoKCOx3PHtvDsQtLZ,"[{'height': 640, 'url': 'https://mosaic.scdn.co/640/ab67616d0000b2731ef11612d2eb0d9a14901b68ab67616d0000b2733440bcf65cd229ab93cd8eabab67616d0000b2736701e0909301244f1acbd4ddab67616d0000b2737619da2f72cb9e23f7f7b5ad', 'width': 640}, {'height': 300, 'url': 'https://mosaic.scdn.co/300/ab67616d0000b2731ef11612d2eb0d9a14901b68ab67616d0000b2733440bcf65cd229ab93cd8eabab67616d0000b2736701e0909301244f1acbd4ddab67616d0000b2737619da2f72cb9e23f7f7b5ad', 'width': 300}, {'height': 60, 'url': 'https://mosaic.scdn.co/60/ab67616d0000b2731ef11612d2eb0d9a14901b68ab67616d0000b2733440bcf65cd229ab93cd8eabab67616d0000b2736701e0909301244f1acbd4ddab67616d0000b2737619da2f72cb9e23f7f7b5ad', 'width': 60}]",Liked from Radio,"{'display_name': '1231774562', 'external_urls': {'spotify': 'https://open.spotify.com/user/1231774562'}, 'href': 'https://api.spotify.com/v1/users/1231774562', 'id': '1231774562', 'type': 'user', 'uri': 'spotify:user:1231774562'}",,False,NDAsMmU1NTE0YTRhZTEwZTNiMWNiNzk1MzdmMjY0YzNhMzAyNTk0ZGRiYw==,"{'href': 'https://api.spotify.com/v1/playlists/5EynoFoKCOx3PHtvDsQtLZ/tracks', 'total': 38}",playlist,spotify:playlist:5EynoFoKCOx3PHtvDsQtLZ
